{"age": 0.6370826010544816, "country": 0.6192275002360941, "ethnicity": 0.5960689510195502, "gender": 0.5936914428482198, "region": 0.3659217877094972}