{"pos": {"age": 11.51142355008787, "country": 5.04769100009443, "race": 6.41160395207063, "gender": 8.06787424526337}, "topic": {"age": 13.70826010544816, "country": 11.92275002360941, "race": 9.60689510195502, "gender": 9.36914428482198}, "word": {"age": 16.10281195079086, "country": 16.7012937954481, "race": 11.65650620138743, "gender": 11.6697897147616}}
