{"age": -0.41508611482513824, "country": -0.6555619102289302, "ethnicity": -0.6608598828197603, "gender": -0.391972966193736, "region": -0.8320844528887481}