{"age": {"1": [0.06374987154794336, 0.013611645324201104, 0.15431926523737757, 0.14623491479467524, 0.029656976387331516, 0.09289020334994189, 0.0703427705646845, 0.0445179518175958, 0.054305351887563, 0.1298279399828872, 0.044888111014621, 0.07197867358474709, 0.022469002631707993, 0.0565542919253486, 0.014087810991719362, 0.020301032508094827, 0.04936776913704654, 0.04499868208121006, 0.017302120835372883, 0.05221864354700799], "0": [0.04570469138237076, 0.009885254736484647, 0.11227573238481979, 0.10377164909795258, 0.022274571567457158, 0.06739973494686548, 0.052397883114206054, 0.03344591157612035, 0.03975887461178449, 0.09449297078453929, 0.03250185799223468, 0.05266253755337468, 0.01570192082965251, 0.038529724912017574, 0.010347456403505022, 0.014880997940584083, 0.035898409939056596, 0.03103060847812961, 0.012102721226434535, 0.03701211281425805]}, "country": {"1": [0.04212019096320882, 0.012509280686305793, 0.08748273015779283, 0.09357159402611305, 0.01999983809890525, 0.04225233065207186, 0.037317880933627305, 0.0342623780516184, 0.05730106271546328, 0.0803263183135766, 0.02835212858888866, 0.05472171699969341, 0.022404931239456922, 0.04890556453608203, 0.010566962716881637, 0.012316061924666197, 0.04149077689274034, 0.023829943656201252, 0.01487412787266765, 0.041128319784510876], "0": [0.06982759019493369, 0.01944645584622641, 0.1387838311720349, 0.1502545277609913, 0.0336909692980394, 0.06797688302024764, 0.06105782414405704, 0.057582365460506046, 0.09770623605828281, 0.13153124600888852, 0.046946669804017155, 0.09195741803546313, 0.03607549115664668, 0.08118397818227312, 0.017533399410479444, 0.019933246490630375, 0.06777584420908453, 0.03924330966861695, 0.023883971243708696, 0.06984392636147693]}, "ethnicity": {"1": [0.06211655335131588, 0.01373084642264458, 0.1497518114400728, 0.14368413581180403, 0.029533693733215637, 0.08960327258178348, 0.06984831576372226, 0.04417632816022011, 0.056946718732705195, 0.12900872091769408, 0.04449263600468393, 0.07122110357191751, 0.022348824978832116, 0.05422264384115964, 0.014232814181190991, 0.019938262714261565, 0.048736368097969544, 0.04246579386526131, 0.017141713431008326, 0.051597704230701834], "0": [0.04756058768787404, 0.010482178807486708, 0.11213199707509827, 0.10333540105740407, 0.022038897418060945, 0.06596166945091853, 0.05062948062982781, 0.03277365275265601, 0.04200823697304164, 0.09339515550870209, 0.032567001321518144, 0.05454853889018336, 0.016928940000177767, 0.04147215307422815, 0.010346690298779083, 0.01474697877857189, 0.03722323855293377, 0.03172803372272508, 0.012724210230089466, 0.03822623558202023]}, "gender": {"1": [0.0471964193399476, 0.010288270380811614, 0.11369554656692392, 0.10563763903086466, 0.02253170565600763, 0.0669418122110315, 0.05187392317490614, 0.03428061262748532, 0.04247127567083425, 0.09588749283499887, 0.032871406348486266, 0.05526413913368859, 0.017019338983955277, 0.041005521164402314, 0.010567961215474278, 0.01501522677806871, 0.03735860067069146, 0.032988616409440244, 0.012475285372326712, 0.038844997386530494], "0": [0.06256579021438559, 0.013851270869666652, 0.14707776399203099, 0.13957611354774688, 0.028731869290190476, 0.08784994301813877, 0.0678729807102604, 0.041660543663233345, 0.056192608548514496, 0.1249603019864234, 0.04367475643549533, 0.07006719997420863, 0.022009205893671595, 0.054351064434538174, 0.0138655624163165, 0.01935099056270823, 0.048199867804961605, 0.040571764540396446, 0.01747635410960409, 0.05043363948004113]}, "region": {"1": [0.08070380962835798, 0.019778133590103424, 0.17270333814822256, 0.20529887675844144, 0.038049021813770116, 0.09467400918362517, 0.07343452802791905, 0.030028649882850516, 0.09574487556115799, 0.14657963243243174, 0.04731947677979338, 0.0966150051332312, 0.0335874603952447, 0.07475142265170395, 0.01935788636775283, 0.02388382494826647, 0.07197316736641289, 0.04514983168455418, 0.02780763443496495, 0.07321032744632135], "0": [0.04290432843491936, 0.00931330236985756, 0.08767951000867133, 0.10198228584625271, 0.019937568281369486, 0.04916500073976272, 0.03784390353234751, 0.016002751461385946, 0.04932914957204425, 0.07844087773651125, 0.025357778293452867, 0.049261014799377646, 0.01934973162629647, 0.038396960185301136, 0.009650754388196353, 0.012043026532097694, 0.03626415849879258, 0.02345018591227894, 0.014907094938745747, 0.03584077183331399]}}