{"age": {"1": [0.06746681087452207, 0.013167116096230648, 0.10501207869132632, 0.10956221474821261, 0.0271697396345695, 0.04324786109421666, 0.04528448981356129, 0.045185759644943986, 0.062308371526203644, 0.10510571804825732, 0.035242716856550046, 0.07972171592293488, 0.023324916266806824, 0.06051223838103338, 0.013289023498353475, 0.014250159649181787, 0.05105588350585928, 0.032875383087821154, 0.01398054870869369, 0.05223725395072141], "0": [0.043056986995939954, 0.010201908274081517, 0.14739894603724932, 0.1298948812101795, 0.02404631629659201, 0.10276169159848675, 0.07024776282215195, 0.03297020897287389, 0.03405804703830218, 0.11210346417908329, 0.039372605716999215, 0.04714690079908582, 0.0150922239562459, 0.035710342815291035, 0.010916460351158279, 0.019191243872154273, 0.03469590771171557, 0.039666453484605305, 0.014468791887520571, 0.03699885598028368]}, "country": {"1": [0.05616583746789816, 0.013246368114897183, 0.11558041443769286, 0.13350710683952913, 0.025804808839720736, 0.0632241243957287, 0.049237015511875155, 0.02079232125863164, 0.06697393009619138, 0.10145797427489192, 0.033275314810105226, 0.06700580640066263, 0.024874613773058517, 0.05234581479359963, 0.01304752017683441, 0.015863525049075268, 0.04887582038372489, 0.03048215556361527, 0.019030788974945454, 0.04920873883732186], "0": [0.04652961364118002, 0.018223824647039137, 0.09217727665357042, 0.0840121770882427, 0.0240620731009443, 0.03319027787773968, 0.04128716297496514, 0.0799255923981882, 0.08166153228700873, 0.09647947213971537, 0.038780418637623895, 0.0715813942794584, 0.03197894738104655, 0.07547752175024412, 0.013418817036295116, 0.014048952544446068, 0.05552602928999443, 0.02820906663838054, 0.016989180543228222, 0.05644066909068899]}, "ethnicity": {"1": [0.04238684500240248, 0.01396878248173876, 0.12589410045437133, 0.07953154306937774, 0.02277824536478572, 0.11056304409132886, 0.06669765527512264, 0.03280101832316267, 0.05161272483527869, 0.11120680014081105, 0.04107816086898058, 0.062148840417846574, 0.019902760950134307, 0.046695959214502133, 0.011455496083049877, 0.015727766074863692, 0.04034227581408851, 0.0453417995805908, 0.014858701912904455, 0.04500748004465913], "0": [0.06214025598245283, 0.010306351128964358, 0.1297621366741265, 0.15074226110221012, 0.027030973056030833, 0.05047302102616039, 0.05295772512388026, 0.04117966875853835, 0.04594989998875819, 0.10655024606266963, 0.03509019700177175, 0.06125267182151319, 0.018736508644124763, 0.0470341493933788, 0.0123990458583917, 0.017858410700029595, 0.04342622335984344, 0.02960275094604753, 0.014411287913044187, 0.043096215458063594]}, "gender": {"1": [0.05103099511937945, 0.00976127209247988, 0.13907661127386187, 0.13815741478537885, 0.025702324209328057, 0.08432690979313778, 0.0647154736250905, 0.03780798170997846, 0.03716101397337725, 0.10991236314269728, 0.037509029341235636, 0.04865269493537306, 0.0158935752498408, 0.04115760464742263, 0.011208043439326056, 0.01798367793802128, 0.03905004958803935, 0.0388829732145644, 0.01420633691044164, 0.037803655011025755], "0": [0.05758679902904848, 0.014535549909440964, 0.1141218114383853, 0.0973509272052681, 0.024614990986800235, 0.06527632533614373, 0.05119891552670491, 0.03708044391312065, 0.06308769882819835, 0.10674975937253538, 0.037653051472544496, 0.07865180601129118, 0.023470949781742224, 0.05415359218077411, 0.013034449945533313, 0.01549661578707205, 0.0460036120170082, 0.032918258060393245, 0.015228676440572474, 0.051785766757422594]}, "region": {"1": [0.06082619224994802, 0.014183475865686135, 0.10979268737856261, 0.1084179539358649, 0.02785931443297287, 0.06210326999855901, 0.052502614833859054, 0.02029130963068164, 0.07291059675469844, 0.10032324006290105, 0.032664726891274615, 0.07050528249018331, 0.025425664356154395, 0.05699457440607641, 0.013057415308588755, 0.014597033825882523, 0.05121110632304513, 0.03301796636706242, 0.018617904030469715, 0.05469767085752901], "0": [0.053162191540058766, 0.012200430739654863, 0.12014461038590908, 0.1519777770006891, 0.025195976339227367, 0.06597316126691409, 0.04864583698270877, 0.021027715037926116, 0.061112800582233104, 0.1023115324347765, 0.032920375728282214, 0.0627349616757496, 0.023561634132881218, 0.04756039838892715, 0.012902118391861844, 0.016835483807329674, 0.04697843958736691, 0.029710846396265665, 0.019649463939410656, 0.045394245641827306]}}