{"age": 0.6151142355008787, "country": 0.5504769100009443, "ethnicity": 0.5641160395207063, "gender": 0.5806787424526337, "region": 0.3181071311206047}