{"age": 0.6610281195079086, "country": 0.667012937954481, "ethnicity": 0.6165650620138743, "gender": 0.616697897147616, "region": 0.39089714097929673}