{"age": {"1": {"N": 0.18399173337767538, "O": 0.06376642041000546, "^": 0.045121980188612014, "S": 0.0010452051215050953, "Z": 0.001383709052901632, "V": 0.17081977338052592, "A": 0.06577072000380074, "R": 0.0491988740290282, "!": 0.00706404256835404, "Y": 2.6723994583937098e-05, "D": 0.07899909732284961, "P": 0.10826187139226073, "&": 0.024036748461885644, "T": 0.005579376202579756, "X": 0.0011550704325723924, "#": 1.78159963892914e-05, "@": 8.9079981946457e-06, "~": 0.006327648050929995, "U": 0.00019894529301375395, "E": 0.006099009430600755, "$": 0.017052877877283417, ",": 0.1367199562914222, "G": 0.014095422476661046, "L": 0.01325807064636435, "M": 0.0}, "0": {"N": 0.1618617375420387, "O": 0.08161266367345545, "^": 0.03294595148266385, "S": 0.0007980948153712208, "Z": 0.0009794800006828618, "V": 0.18263140823189988, "A": 0.06275073834440138, "R": 0.05780639158714171, "!": 0.010029533776055448, "Y": 4.267886713215085e-05, "D": 0.07733197330010072, "P": 0.1031313484814859, "&": 0.024376034962527954, "T": 0.006803011420864844, "X": 0.0013358485412363213, "#": 1.0669716783037712e-05, "@": 1.2803660139645253e-05, "~": 0.011393123580927669, "U": 0.000125902658039845, "E": 0.012054646021476005, "$": 0.012694829028458268, ",": 0.12546946753845367, "G": 0.014843709988562064, "L": 0.018957952780101404, "M": 0.0}}, "country": {"1": {"N": 0.1830363912377519, "O": 0.06750754352755965, "^": 0.04054678009360619, "S": 0.0010307925857900556, "Z": 0.001221616998366066, "V": 0.1705612452655952, "A": 0.06454635755383549, "R": 0.049672276109294686, "!": 0.0076994242895624156, "Y": 2.7260630368001473e-05, "D": 0.07554431811792608, "P": 0.10592117929486972, "&": 0.023062493291329245, "T": 0.005980300786980323, "X": 0.0010853138465260585, "#": 1.703789398000092e-05, "@": 1.5334104582000828e-05, "~": 0.007597196925682411, "U": 0.0002180850429440118, "E": 0.007527341560364407, "$": 0.018780870534155013, ",": 0.1389286913023255, "G": 0.01426923620825077, "L": 0.01520291279835482, "M": 0.0}, "0": {"N": 0.19030193990220687, "O": 0.05702180757679082, "^": 0.052152464415780385, "S": 0.001056281829921214, "Z": 0.0014625440721986042, "V": 0.1634480056876714, "A": 0.06651673655344525, "R": 0.046923288983038554, "!": 0.007768314446975523, "Y": 2.9018731591242145e-05, "D": 0.07548352461513907, "P": 0.10590966468855646, "&": 0.02431189332714267, "T": 0.0051711379695593505, "X": 0.0011752586294453068, "#": 1.7411238954745286e-05, "@": 0.0, "~": 0.005504853382858635, "U": 0.00018571988218394974, "E": 0.008073011128683565, "$": 0.023206279653516345, ",": 0.13470495204654603, "G": 0.017353201491562803, "L": 0.012222689746231192, "M": 0.0}}, "ethnicity": {"1": {"N": 0.17146433041301626, "O": 0.07557248758750636, "^": 0.04068272153378536, "S": 0.000836210097787069, "Z": 0.0010975257533455281, "V": 0.17639907026640445, "A": 0.06325764348292509, "R": 0.05223287350946926, "!": 0.008194308820091048, "Y": 3.300829333370009e-05, "D": 0.07755848656975065, "P": 0.10392661156115474, "&": 0.024310608040270118, "T": 0.0068299660289647774, "X": 0.001284572748903162, "#": 1.925483777799172e-05, "@": 1.3753455555708372e-05, "~": 0.010642423909007138, "U": 0.0001375345555570837, "E": 0.010392111017893245, "$": 0.015747706611286084, ",": 0.12503541514805594, "G": 0.018380118004648668, "L": 0.01595125775351057, "M": 0.0}, "0": {"N": 0.1731984591776017, "O": 0.07177559946968985, "^": 0.0372448926330734, "S": 0.0009562285344440616, "Z": 0.0012255592788617121, "V": 0.1777457643042811, "A": 0.06467904752956896, "R": 0.05490797866232397, "!": 0.008990218491956616, "Y": 3.549319887674465e-05, "D": 0.07797229442652386, "P": 0.10624993475514913, "&": 0.024056037497520697, "T": 0.005829235956698297, "X": 0.001196329585669099, "#": 1.0439176140219014e-05, "@": 8.35134091217521e-06, "~": 0.007814767258567954, "U": 0.00016493898301546043, "E": 0.008340901736034993, "$": 0.014312110488240269, ",": 0.1349764596578038, "G": 0.011673086759992901, "L": 0.016635871097053022, "M": 0.0}}, "gender": {"1": {"N": 0.16554281079828526, "O": 0.07836024478360244, "^": 0.0328835803288358, "S": 0.0008995060089950601, "Z": 0.001044859439020023, "V": 0.1804678695189644, "A": 0.06360160520744462, "R": 0.05665202599509169, "!": 0.009692335239780496, "Y": 3.370514319419429e-05, "D": 0.07675925048187822, "P": 0.10399089961133756, "&": 0.024244530813873878, "T": 0.006488240064882401, "X": 0.001308180870224666, "#": 1.4746000147460002e-05, "@": 1.0532857248185715e-05, "~": 0.011078459253641735, "U": 0.0001558862872731486, "E": 0.011360739827893113, "$": 0.012430878124308781, ",": 0.1312731064555882, "G": 0.013913904424853329, "L": 0.01779210246363531, "M": 0.0}, "0": {"N": 0.18113948188950446, "O": 0.06721519592480651, "^": 0.04609292418504098, "S": 0.0009189370076648907, "Z": 0.0013226318780841491, "V": 0.17282655462363422, "A": 0.06473459718157239, "R": 0.050074099255820376, "!": 0.007327593075570618, "Y": 3.452653497006815e-05, "D": 0.07915872113714471, "P": 0.1067879167751154, "&": 0.02404109188838899, "T": 0.005954499338684061, "X": 0.0011499992032338083, "#": 1.3279436526949288e-05, "@": 1.0623549221559431e-05, "~": 0.006459117926708134, "U": 0.0001513855764072219, "E": 0.006546762207786, "$": 0.018190172154615134, ",": 0.12995787762733652, "G": 0.015388211047428836, "L": 0.014503800574734013, "M": 0.0}}, "region": {"1": {"N": 0.18541999386988015, "O": 0.06578048793603167, "^": 0.04383035699882237, "S": 0.0010808369226798303, "Z": 0.0014626250893975813, "V": 0.16841159990751048, "A": 0.06584501551350508, "R": 0.04831502363322525, "!": 0.006619453989148613, "Y": 1.6131894368355676e-05, "D": 0.07593820408997295, "P": 0.10537353401409928, "&": 0.023568697672167644, "T": 0.006130119859975157, "X": 0.0010485731339431189, "#": 1.6131894368355676e-05, "@": 1.6131894368355676e-05, "~": 0.007969155817967704, "U": 0.00020433732866583857, "E": 0.005984932810659956, "$": 0.01986373926556862, ",": 0.13855146343168412, "G": 0.014502573037151753, "L": 0.014050879994837794, "M": 0.0}, "0": {"N": 0.18022004136030711, "O": 0.06924880968883583, "^": 0.03771086825525703, "S": 0.0009986448982825006, "Z": 0.0010750285024004255, "V": 0.17248832321014826, "A": 0.06376899334896839, "R": 0.05112043431151497, "!": 0.008413512542470698, "Y": 3.6777290871593505e-05, "D": 0.0754839750027583, "P": 0.10622413212666099, "&": 0.022700075534897404, "T": 0.00595509209882341, "X": 0.001114634815646757, "#": 1.697413424842777e-05, "@": 1.697413424842777e-05, "~": 0.007808101754276774, "U": 0.00022066374522956102, "E": 0.008156071506369544, "$": 0.017969950124335533, ",": 0.13922750715035406, "G": 0.013930106173209724, "L": 0.016094308289884264, "M": 0.0}}}