{"age": {"1": {"N": 0.17094234632131852, "O": 0.0741200983144315, "^": 0.03827525545532807, "S": 0.0009032950306296864, "Z": 0.0011628052051752317, "V": 0.17795411161432795, "A": 0.06387693229030206, "R": 0.054122843133585355, "!": 0.0088707564472059, "Y": 3.4934061958054174e-05, "D": 0.07779316540030692, "P": 0.10489201631919752, "&": 0.02430412596224626, "T": 0.006350513405946276, "X": 0.0012651121009095332, "#": 1.2476450699305061e-05, "@": 1.4971740839166073e-05, "~": 0.009165200683709499, "U": 0.00015470798867138277, "E": 0.00983393844119225, "$": 0.014612419059026088, ",": 0.13027410762186373, "G": 0.014435253459095956, "L": 0.016628613492033786, "M": 0.0}, "0": {"N": 0.17128685710896432, "O": 0.07418006756673265, "^": 0.03780178283251408, "S": 0.0008995717148950788, "Z": 0.001134350047079234, "V": 0.177433106710459, "A": 0.06414885440530649, "R": 0.05429063580443706, "!": 0.008709040448599608, "Y": 3.7070262976445554e-05, "D": 0.07826273919587186, "P": 0.10565766353546512, "&": 0.02416486875891231, "T": 0.006232746881773046, "X": 0.001255446239468956, "#": 1.4828105190578222e-05, "@": 7.414052595289111e-06, "~": 0.009383719234770918, "U": 0.0001581664553661677, "E": 0.009297221954492545, "$": 0.014422803648702418, ",": 0.13007461008261725, "G": 0.01462545441964032, "L": 0.016520980533169236, "M": 0.0}}, "country": {"1": {"N": 0.18633862963105452, "O": 0.06366243903273104, "^": 0.04464022364995704, "S": 0.0010772130958334935, "Z": 0.0013486536973629653, "V": 0.16706848425003312, "A": 0.06546848083030901, "R": 0.048425430778371956, "!": 0.0077285764970910975, "Y": 3.4197241137571226e-05, "D": 0.07540705403591565, "P": 0.10553482347811591, "&": 0.023871811641595814, "T": 0.005670330046123529, "X": 0.0011135476645421632, "#": 1.7098620568785613e-05, "@": 8.549310284392807e-06, "~": 0.006753955124670317, "U": 0.00019877146411213274, "E": 0.007632396756391678, "$": 0.020601700457815567, ",": 0.13767595549229067, "G": 0.015542646097026122, "L": 0.01417903110666547, "M": 0.0}, "0": {"N": 0.1851041069063836, "O": 0.06359428716855958, "^": 0.04504181961704532, "S": 0.0010028943747331007, "Z": 0.0012724896367581277, "V": 0.16879898545910996, "A": 0.06508029625284154, "R": 0.048887326434570305, "!": 0.007721208304396775, "Y": 2.1567620962002164e-05, "D": 0.0756376467137416, "P": 0.10630249019751627, "&": 0.023174408723671328, "T": 0.0056916951718723715, "X": 0.0011236730521203128, "#": 1.7254096769601732e-05, "@": 1.0783810481001082e-05, "~": 0.006893011659455892, "U": 0.00021351944752382143, "E": 0.007826889647110586, "$": 0.02023258522445423, ",": 0.13705360416513895, "G": 0.015276345927386133, "L": 0.014021110387397607, "M": 0.0}}, "ethnicity": {"1": {"N": 0.17233215353735928, "O": 0.07331998405724119, "^": 0.038520378330258544, "S": 0.0008735104379724057, "Z": 0.0011766137866677487, "V": 0.17696223618672122, "A": 0.0640812985233855, "R": 0.05401922200291647, "!": 0.008754197504051322, "Y": 2.3866405409082124e-05, "D": 0.0779763197525531, "P": 0.10507184981348404, "&": 0.02434850679834558, "T": 0.00631505087124313, "X": 0.0012195733164040963, "#": 1.1933202704541062e-05, "@": 1.1933202704541062e-05, "~": 0.009014341323010317, "U": 0.00016229155678175843, "E": 0.00914321991221936, "$": 0.014747051902271843, ",": 0.13089052718502908, "G": 0.014479748161690124, "L": 0.016544192229575726, "M": 0.0}, "0": {"N": 0.17256694631308278, "O": 0.0735069455102701, "^": 0.03893405366094387, "S": 0.0009350406482948495, "Z": 0.0011640783828519212, "V": 0.17736493266998968, "A": 0.06405028440819718, "R": 0.05349093648098869, "!": 0.008540510163844623, "Y": 4.486306140808621e-05, "D": 0.07761309623598915, "P": 0.10542111066772764, "&": 0.02398520935701788, "T": 0.00620763097062414, "X": 0.001249082078151453, "#": 1.6528496308242288e-05, "@": 9.444855033281307e-06, "~": 0.009055254763158454, "U": 0.00014403403925753995, "E": 0.009307904635298729, "$": 0.015114129267008412, ",": 0.13048539471229792, "G": 0.014653692584135949, "L": 0.016138896038119434, "M": 0.0}}, "gender": {"1": {"N": 0.17289678656142404, "O": 0.0731880125779308, "^": 0.0386721610202626, "S": 0.0009170420536054919, "Z": 0.0012203531204310809, "V": 0.17642514733098108, "A": 0.06444649284730894, "R": 0.05369079806354841, "!": 0.008668061581625036, "Y": 3.554426564362371e-05, "D": 0.07798411882211043, "P": 0.1051257200675815, "&": 0.02426251572833755, "T": 0.006196550310538401, "X": 0.0012085050318832063, "#": 9.478470838299657e-06, "@": 9.478470838299657e-06, "~": 0.008957154942193176, "U": 0.000165873239670244, "E": 0.009279422950695365, "$": 0.015101573663120928, ",": 0.1309332265425619, "G": 0.014447559175278252, "L": 0.01615842316159134, "M": 0.0}, "0": {"N": 0.17199418477323877, "O": 0.07366885824918806, "^": 0.03877982750024463, "S": 0.0008993099077857871, "Z": 0.0011159830202833992, "V": 0.17773951698204643, "A": 0.06376480017147464, "R": 0.05379317735975658, "!": 0.008624987768453326, "Y": 3.2617457795339434e-05, "D": 0.07765983719228924, "P": 0.10532876067639288, "&": 0.024048385668820973, "T": 0.006306818446570274, "X": 0.0012674212171903323, "#": 1.8638547311622533e-05, "@": 1.1649092069764083e-05, "~": 0.009111919816969466, "U": 0.00014211892325112182, "E": 0.009184144187802003, "$": 0.014857252025777111, ",": 0.13045352245246006, "G": 0.01468251564473065, "L": 0.016513752918097563, "M": 0.0}}, "region": {"1": {"N": 0.1825579397859421, "O": 0.06750367842018389, "^": 0.04034312004720328, "S": 0.0009597502408711694, "Z": 0.001295849547012824, "V": 0.1706600243485275, "A": 0.06465430319144963, "R": 0.05008253105184145, "!": 0.008043976726990268, "Y": 1.1203310204721821e-05, "D": 0.07573811142065442, "P": 0.10538953909581818, "&": 0.02316471106662982, "T": 0.0061394139921875585, "X": 0.001131534330676904, "#": 1.867218367453637e-05, "@": 2.2406620409443643e-05, "~": 0.007812441649426017, "U": 0.0001979251469500855, "E": 0.007435263539200382, "$": 0.018709528041885443, ",": 0.1394401332447027, "G": 0.013608287462002107, "L": 0.015079655535555573, "M": 0.0}, "0": {"N": 0.1814751829438874, "O": 0.06859475536316387, "^": 0.0393053285628046, "S": 0.0010932461681169663, "Z": 0.001122693876349073, "V": 0.1714997717802612, "A": 0.06431747574245035, "R": 0.05022306638985821, "!": 0.00754965619800639, "Y": 4.785252587717361e-05, "D": 0.07554441450594107, "P": 0.10646450814965325, "&": 0.02283669773399885, "T": 0.00589322260995038, "X": 0.0010527555692978194, "#": 1.4723854116053418e-05, "@": 1.1042890587040063e-05, "~": 0.007914071587378712, "U": 0.00023190070232784134, "E": 0.007380331875671776, "$": 0.018537332332111252, ",": 0.13855514819559167, "G": 0.01463919195488611, "L": 0.015695628487712943, "M": 0.0}}}