{"age": 17.38641562971267, "country": 5.264217957790237, "ethnicity": 7.203668211804998, "gender": 8.602251322052874, "region": 2.457983571776439}